<?xml version="1.0" encoding="UTF-8"?>
<XMLDB PATH="local/message/db" VERSION="20200213" COMMENT="XMLDB file for local message plugin"
    xmlns:xsi="http://www.w3.org/2001/XMLSchema-instance"
    xsi:noNamespaceSchemaLocation="../../../lib/xmldb/xmldb.xsd"
>
    <TABLES>
        <TABLE NAME="message" COMMENT="each record is a message">
            <FIELDS>
                <FIELD NAME="id" TYPE="int" LENGTH="10" NOTNULL="true" SEQUENCE="true" />
                <FIELD NAME="messagetext" TYPE="text" NOTNULL="true" SEQUENCE="false" />
                <FIELD NAME="messagetype" TYPE="text" NOTNULL="true" SEQUENCE="false" />
            </FIELDS>
            <KEYS>
                <KEY NAME="primary" TYPE="primary" FIELDS="id" />
            </KEYS>
            <INDEXES>
                <INDEX NAME="course" UNIQUE="false" FIELDS="course" />
            </INDEXES>
        </TABLE>

        <TABLE NAME="message_red" COMMENT="each record is a user record of reading a message">
            <FIELDS>
                <FIELD NAME="id" TYPE="int" LENGTH="10" NOTNULL="true" SEQUENCE="true" />
                <FIELD NAME="messageid" TYPE="int" LENGTH="10" NOTNULL="true" DEFAULT="0"
                    SEQUENCE="false" />
                <FIELD NAME="userid" TYPE="int" LENGTH="10" NOTNULL="true" DEFAULT="0"
                    SEQUENCE="false" />
                <FIELD NAME="timeread" TYPE="int" LENGTH="10" NOTNULL="true" DEFAULT="0"
                    SEQUENCE="false" />
            </FIELDS>
            <KEYS>
                <KEY NAME="primary" TYPE="primary" FIELDS="id" />
            </KEYS>
            <INDEXES>
                <INDEX NAME="course" UNIQUE="false" FIELDS="course" />
            </INDEXES>
        </TABLE>
    </TABLES>
</XMLDB>